linkage_group	position	centi_morgan	marker_name	marker_type	fw_primer	rev_primer	fw_primer_start	fw_primer_end	rev_primer_start	rev_primer_end
C1	3	17.864	snap980	SNP	CATGAATGATTTGAACAATTGACCCATTAAGC	TTCAGATGAAGAATTATTGTACCAAACTCAAAAACG	42840519	42840548		
C1	7	25.152	snap518	SNP	GGCCTCCGAGAGTAAATTCATCCGA	GGGCAAGACGACTCCTGTGGTTGTAGTA			43218452	43218479
C1	15	35.818	snap1848	SNP	AACCACTGAGTGAGTACCACCTGCAACA	CCTACGCGTGGGGTATAACACTTTAATGCT			43333420	43333449
C1	28	42.213	snap511	SNP	CATGCAAATTTTATACTAAAATGCTTTAGAGAGCTA	CTCGTATGACACTCGAGGTGTGTATGCATATTAA	42702335	42702367	42702021	42702054
C1	30	43.39	snap779	SNP	CAAGGAGCTTCCCCAAGTCGTCTCC	ATATCGTTGGCCCAAAAGTGCATAAACTG			6615190	6615218
C1	46	54.116	snap310	SNP	GCTGAAGAACGGAGAAGAGACGAAGTG	TAGATCTCCCACACGCTCTCTACGTCTGA			7351848	7351876
C1	51	56.485	snap1195	SNP	CGGGCAATGACAAATAATGTTTTACGAGT	TGAAACCTTTCTCCATTAAATCTTGAAGCTGTTT			28832855	28832888
C1	52	57.556	snap088	SNP	ACCTATGTGGTTGATACTCCACGTTCCAGA	ATTCCGGTAAAACTCGTAGAGTGAGAGGGAG	9175795	9175822	9176129	9176159
C1	53	58.082	snap1192	SNP	TCACAGGTCTTTTGATTGAGAAACTTGGTAAGT	GAAAGTTCTGGAATATTGGTCAAGCCGG	10769713	10769742	10769418	10769445
C1	56	59.746	snap1191	SNP	AGCTTCGTACTGTTGGAGTATCGAGTGTAAAGT	CACAGCATCTGGATTTCAAGGATTATGACC			10814458	10814487
C1	58	61.333	snap610	SNP	TCATCTTTTCCATATCTATCATCTTATTAGTCAGCA	TCCGAAGTGAGCTCCTCCAGAGACAC	11809618	11809650		
C1	59	62.556	snap1739	SNP	TGAAGAGAAAGCGGCGTGGAATAACA	ACATATGAAGAATCAATCTTGAGAAAACGAGTGAAC			40214216	40214251
C1	60	62.665	snap338	SNP	GCTTTCCCAGCCAAGTCTTCTTCGGT	TAAATGTCACTTCCAATCCACAAAACTAGCAATC			40203831	40203864
C1	67	67.672	snap1693	SNP	ACCATATAACCACTGAGTCATTTAGAAAAAGCACA	CCAAAGTTTCCTCCACGATAGAATGGAATC			14038189	14038218
C1	73	71.662	snap1910	SNP	GTGGAATTGGTGAGGCTATGGGAACA	ACCTCTTTAGTTGCAAACAAGTCTCCACCAG			43326928	43326958
C1	74	71.677	snap062	SNP	CTCGCGCAGTCTCACCTTCTTGCT	ATTAGACAATACTGCGGACCAGTCAAAAGGA			21867566	21867596
C1	89	75.031	snap1557	SNP	TTTGCAAAGCAGAGTAGTGAGAGGTCGAA	CATGGAAGTCTTTATGGACGACTTTTCCG			20216331	20216359
C1	100	77.843	snap238	SNP	GGAACTTCTTTCTGTTTGAAATTTTCTTATCCGAC	CAATGAGAACAATGAATAAATAAACAAAAAGACAAC	34090150	34090182	34089820	34089855
C1	102	78.304	snap249	SNP	GAGTTTTCAATCGAATTAGATCGAGCTGCA	GGATTGCAGTCTTCGCCTGCAACTTAT	28930277	28930304		
C1	103	78.564	snap1065	SNP	AGACTATGTCTCTTCCAATATGAACACCATGCA	TAGTTGGCAAAACAACAATATTGTGAACAACAAA	27593275	27593305		
C1	108	80.413	snap633	SNP	GGCTGGTGTGCCAAGGAAGACG	AGTAGTTGTACACAAAATCAGTGGCGAGTGAAA			34089381	34089413
C1	114	82.753	snap634	SNP	ATCAGTTTCGTATCTTGCAGCGTAACCTATATCC	GGTAAAGTTGACTATTGTCCCCCTTGCAATT	34089701	34089731	34090014	34090044
C1	116	83.745	snap262	SNP	ACCTTGATGCTTTTGCTCTTTTCTGCCT	GTTATAACTGGCTTCCTTCAACTGAACAAGGTTAAA			16653541	16653576
C1	117	84.048	snap365	SNP	TAACTCGATTGTGTGCAAACCTAAACCACC	TGGCGTCTAGAAAGAGACGATAAGTTAATGATGA			39036316	39036347
C1	119	85.611	snap250	SNP	GTCCCAAATCTTCAGATTCGTGCCA	CTGATCAAGCTGTGGGATCTCGAAGAAG			28508745	28508772
C1	120	86.291	snap169	SNP	CAGTCTCTGTGAATTCCACACCTTCACGT	ACCTGATCTTTCATCAAATCGGTTCTGTTTTT			21236919	21236950
C1	123	87.734	snap1655a	SNP	TTATAATGCATTTTTTGCTAGAAGATGTCCCATAAA	GGGCATAAGACTTTGTAAAGACTTCGTGGG	23061682	23061714	23061993	23062022
C1	124	88.89	snap1655b	SNP	TTATAATGCATTTTTTGCTAGAAGATGTCCCATAAA	GGGCATAAGACTTTGTAAAGACTTCGTGGG	23061682	23061714	23061993	23062022
C1	130	94.988	snap1054	SNP	CAGATCCGATCTCACTCCGATTCACTC	GATCCTGTTCTTGCACTGTACATCCGTCTT			38664041	38664070
C2	4	41.919	snap379	SNP	CGAGGGAAACGGTTACAGCAACGA	GCGAGTACTAATAATGGCAACGGTCTTGC			591013	591041
C2	5	45.953	snap380	SNP	GTGCCTTACCATACAAGGAAGTTCGCA	AAACCCTAGTCTCTCAAGCACTTCTCTAGCCA			885804	885835
C2	11	66.777	snap1801	SNP	AAATCATGCAAGTAATAGTTCGGTATTAAACTCACA	CACATATTTGCCCACACAAATCTATTCACGT	2897647	2897678	2897300	2897330
C2	17	102.818	snap568	SNP	GAGGAAGAAGAAGAGAGTGACGATAGAGATACAGTT	TAAGGGGAAAAGCCGAAACACTAAAGCA	5294691	5294723	5294360	5294387
C2	21	106.187	snap567	SNP	AGGTGATGGAGATGCAAGAGTGTTCAGAA	CATCTTTCCCCCAAGTTATATTTATAACCCTCCATA			5418430	5418465
C2	26	110.994	snap214	SNP	AAGCCGTGTCTCCAAATCCACCCT	TCGTTTTTGCTCCTAGGAACTCAATTCTCC			7855810	7855839
C2	27	111.753	snap177	SNP	GCATCCTCTAACCCAAACGATATAGAGGACA	TTACATAAGCTAATGGGTCGGAATTGAGTCATC	10942813	10942841	10943121	10943153
C2	28	112.392	snap673	SNP	AGCTCTCTTCACCGCGAGATAAGATGC	AAACCATGACACCTCGCAACTAACTAAGTGAA			7262587	7262618
C2	30	113.621	snap230	SNP	GTAAAAGAAGCTTAGTGAAAGATTAGACTTTTGTCC	CTATCTCGGTTCCTCATTTACTCAACCCTTTG	9543325	9543358	9543659	9543690
C2	32	114.887	snap178	SNP	CCTTCTTTGCTTCAACTGATAAAAACTAGCGA	ACAGAGAAGAGACTCTACATTGATCAAACGAGAAGA			11198929	11198964
C2	33	115.729	snap176	SNP	CTGAGAAGATCAAGGGGATGTGGATACGT	TCCTCCAAGGTCTATGTTCATCGTCCAG			10338690	10338717
C2	34	116.262	snap432	SNP	TCCAACAGTGCAATTTACTGCGAACGTA	TTGCTCGTTGTCTGATAGTTTTCTGTAGCTGAC			10163669	10163701
C2	35	118.087	snap403	SNP	CGTCTTTCAACGTCAGAGCCCTCCAT	TGCTTCTCTAGAACTGTTGCTGCAAGAGAAA			16948730	16948759
C2	40	120.736	snap877	SNP	TTAATGGCTGTGTTCCGGGCGA	ATCTCGAGCAAATCTCCTTAGCAAATCCC			43249357	43249385
C2	41	121.198	snap467	SNP	CAAGACTTGTCCATGTCACTCCACCAC	AGGGTTTTTATTTAAGACATGGGTTTTGATGTTTCT			34047559	34047594
C2	43	121.682	snap1026	SNP	GCTTTCGTTTGAGAACATCTCTCAGATCCCT	TAAGGTCCAAAGAAGATCGAAATTAGGGTATCAAG			39678883	39678917
C2	45	122.346	snap1098	SNP	CCCATGAAAATTGCGATAATAGAAGAAAACTGTC	CACCCAATCCGTCTAGGTCTGGCA	25835433	25835461		
C2	46	123.093	snap1783	SNP	CGGGTAAACAGTGTCGATTGACGTTTAGA	GCTAGCTCCCTGTGAATTCGATCCCTAA			32933094	32933121
C2	48	124.005	snap493	SNP	CGATTGGCGAAGGTTGATTTTTCG	AACTCTCACTCATCTTCACTCTAGTGCGAATCA			33985635	33985667
C2	49	124.43	snap492	SNP	CGATGACGGTATGATTGTCTCTGATCGTT	TCTTCAACACCAGCTTGGCTCTCAACTT			33731201	33731228
C2	52	125.099	snap198	SNP	TCCCATTGAGCGATGGTTCTCCAC	TCTCCTTTATCCTCCATGTTTGAGATTTTCTTGT			29034000	29034033
C2	56	125.455	snap1975	SNP	GGCTGTAATTTCACATGGCTTTTAGGTCAG	AGATTCGAAGGACACCTAAAGTCTAAAATGAATTTG			30432672	30432707
C2	65	126.878	snap144	SNP	GGACACCTCTGGACTTCTCAAAAGGAAGA	TCCATGTGGGCCTGTAGACTAATGGATAGA			51859005	51859034
C2	67	127.184	snap130	SNP	TTCGCTCTCTAGTTTTATGGGCCCGA	TCACATAGAAAATTGTACAAACCAAGCCGAAC			40530699	40530730
C2	69	127.441	snap489	SNP	GCCTATCTCCTCCCTCGTCCCTAACC	AATATGGATGTCCAATTCCATGATTCTCACC			36828324	36828354
C2	71	128.089	snap604	SNP	AGAGGATCACCCGTCAAGTGTGGCT	CTCTCAAGGTTAGCTCATGTCTCCGTCG			22285706	22285733
C2	72	128.993	snap1263	SNP	CGGTTGTGTGGTTTCTTCTAGTATGGAGGA	ATGTTGCTTGGGTTGCCTTCTATTGGAT			41397917	41397944
C2	79	130.808	snap1261	SNP	CCACTCTATGCTTTTCTCGTCACTCGAAAG	GCCATTTTGCATTCTCCACAATATGTGATT			41854615	41854644
C2	80	131.347	snap1689	SNP	TCTTTTAAGAGCAAAGTTCTTGGAACTCGATAAAAA	GAATGAGAGAAAAGGGAGGCTGCATCTC			15757741	15757768
C2	84	132.933	snap1615	SNP	TTAAATTTTTCTTTTGTTCTATTTCCGTATTTCATA	CTTTTCAGTTTCTTTTCTTCAAAGTCTCTGTGTCTT	44991273	44991305	44991596	44991631
C2	85	133.121	snap625	SNP	CACGGGAAGAACATGTCGGCTG	CATGGCTAAGCTTTTCTCAAGCAGAGGAG			43868161	43868189
C2	89	135.137	snap222	SNP	GCACTGGAATGTAGCTATTGTTGGCAGGT	TTTGGCTCTCTTGTAACTGCATCTAGGGACTAG			43177168	43177200
C2	90	135.872	snap1019	SNP	AGTGGAGCCTTTAGCTCTAGCTGTTTCCAC	CCGGTTCTTGGACACCGTTGTGA	22063119	22063146		
C2	91	136.565	snap1663	SNP	GCTTACAGGTGGAAGCAGGAGCAAAA	GATAAGCTTCAGGGCCTTGAGCATCAAT			43904801	43904828
C2	98	142.328	snap638	SNP	GAGAGTTAGCAAAGGTGGAGAGGCAGCT	CCACAACCTTGTCCTGAACTAACGTCAGA			48171931	48171959
C2	100	143.814	snap201	SNP	CGAGTCCTCAAGCAACTATGAAAGAAGGAC	CACATCAATTTCCAAGGTGTGTTGCTTTC			49682007	49682035
C2	101	144.614	snap555	SNP	CCTTCAACGACGCAGCTGTAGAGCAA	AACTCGCAACTCTACGCATCGACTCTGT			47941677	47941704
C2	102	144.904	snap635	SNP	GCTGAAAGGGATCAAGAAACCAAAAGGA	CACACACGTTCATCAAATATCAAACGAATCA			48813906	48813936
C2	103	146.071	snap636	SNP	CGACCAATGCTGCACTGGAACCTT	AACAACATCCTTCTATTTTGAGCATATAACGGTCTC			48814560	48814595
C2	104	147.234	snap637	SNP	CTATCCATCTCTGCACTCACCTCACCAA	TGAAGCAGAGGTTGAAGGCAAGTGAACT			48171321	48171348
C2	105	148.677	snap199	SNP	AATGGAAGCTCATCACAATGAGGATCGT	GTTTGCCTGACCAAGTCTTGAATGAGTTGT			50258748	50258777
C3	1	0	snap534	SNP	TGGTTATGCTAGTCACAGAGATTTGGTTCGATT	AAGCAGCAGGGGATCTCGGTTCA	64842252	64842281		
C3	2	4.307	snap1993	SNP	TTTGATTAAAGACTGCAGAAGGTCCTTGAGAGT	TCAAGTTAGTTCTGCAATAGAATGGTCTTAGTAATG			27630087	27630114
C3	13	29.169	snap202	SNP	CGAGCGTAGTGGTATGGTCCGTGAGAC	AGACAATCAGCCGGAATTTCTGTTAAACTACACT			55594978	55595011
C3	20	35.584	snap833	SNP	AACCATTTTTCGTATATAGATCCGTGTGCTGTC	TTGAAGTTTCCAGCAGTTTCATCACATGTTT	58578170	58578200	58577828	58577858
C3	24	37.737	snap1458	SNP	GCTCTTGTCATTTATTTTGCTGACATGAAA	CTGAGCATTTATGTTACCTTTGCGGCTG			59689109	59689136
C3	29	40.411	snap286	SNP	AGAACAGTTCTGAGTAATAGGCTGGACTTGTGTC	CATTTTCAGAGCGCTGGACGTCTTGTA	58249827	58249858		
C3	31	41.579	snap288	SNP	AAGTTGCGTTTCTTGATATTCTGTTAGTACATTCC	TCAGTGTCCGGGTCGGGTTTAAAAA	58570792	58570824		
C3	33	42.55	snap1677	SNP	AAAGTTAAAGGAGGCCGGTCCAAGAAAATTATA	TTGAATTTCTGAGAAGAGGTGCAAGAAACG	55229834	55229863	55230156	55230185
C3	35	43.636	snap1237	SNP	GGTGCTTAGCTTAAGGTCTTCCCAAGTGAAT	TTTGAATTGGAGAAATTAAAAGAATCTTTACTCGAA	58699332	58699359		
C3	43	48.664	snap1680	SNP	CCTAAATCCAAACCATATAGCGCCTAGCTTTAAAA	AAAAGAATAATGCTAATTTTAACAACGATGACGCC			53787586	53787620
C3	54	57.558	snap115	SNP	CTCCAACGCATTGATAGTTAACTAATGACTATCTGG	CAGATATGAACATTTTTGCTATTGTGTCGTCTCTTT	50382459	50382491	50382769	50382804
C3	55	59.158	snap683	SNP	GAAGCAGAGTAAGCACGTAACAGAGTGATCG	ACAGCGACACATCCTTTATCCACTTCTGTC			38853123	38853152
C3	58	60.928	snap162	SNP	GATTATAATCCACCGAAAGACAGATTCGAGG	TCAACAAATGAGAGGGTGGAGGTTCG	37417877	37417905		
C3	60	61.251	snap116	SNP	CAAGAAGATGACAAGAAAGCGAGTTCGAGT	CATCCACTTCAACTTTCTGCACCTGGTT			48886540	48886567
C3	71	65.007	snap446	SNP	CTTTAACCAATTGATGCCTCGTTATCAATCTTCT	AAAAATACTTGACAATGTTGCTGTGCTGCA	39843035	39843065		
C3	76	67.301	snap312	SNP	AAGATGCACTTTCGATAACTGAACCAGCAG	GCTTGGTGAAGAAGGTAGGTTTAGCGGA			35622808	35622835
C3	81	70.305	snap1210	SNP	CGAATTTCCCGGCATCTATCTCCAAT	AAATGACACAGTAAATAGAAAAGGAAAAGAATTGCA			34865376	34865411
C3	82	71.495	snap1698	SNP	CCGGTCTCTCCTCCGCTTCAACA	AACTAACGCAGAAACATCAATCATCTTTAAACCC			34746377	34746410
C3	83	72.203	snap1043	SNP	CCGTGTGACTTTCCCCAACCGA	TGTTAAGGTTGCTCATCCAGCTTGGAAC			34448146	34448173
C3	86	73.593	snap1697	SNP	AATAAATTCGGTAAAACTAAGAATTGTCTCGTACA	TTAAGACTGCCGGAGAAATCTGTTGCC	34160728	34160759		
C3	95	78.672	snap558	SNP	GGGAACATCAGGAGATAAGTTTGAGTTTAAGTCG	TACTTTTGCTCAGCAACAACAGACTCCAAAG	29788250	29788280	29788544	29788574
C3	96	79.026	snap438	SNP	GATTTCACAGCGCTTTCCGCATAAGAC	GGGATTCTCCTTAAAGATAATATATTGTTGATTTTG			27906688	27906723
C3	104	83.941	snap037	SNP	TTCTCGTATGCAGAGTTAGAGCTTGCACCT	TACCACAAGGAAGCACAAAATGGAAGGA			25479855	25479882
C3	105	84.509	snap038	SNP	CGGTTCCATTTTCCATATGCATGTTAGG	TGACGTAAGCTCCACTCTTCTCGACGTT			25743229	25743256
C3	113	91.869	snap1484	SNP	AATCTCGCGAAATCGGAAGATAAGTG	ACTAAGTTGCACAGAGGCATATTATTGATTGACAAG			41640993	41641028
C3	115	93.604	snap1621	SNP	GCTTCTAGTAAGTTCCCATGATGGTTTCCATAAA	TCATTGTTGTCAGAACAAACAAAGTTCGTTATTG			19131838	19131871
C3	117	94.054	snap1622	SNP	GAAACGATACGTCTTAACAGGAATACGTGACAGA	AGACAGCATCGTGAGAAAATAAAACTATCTTGCA	19221869	19221899	19222205	19222238
C3	119	95.84	snap110	SNP	GTGTTAGCGTCATTTTTCCCGCGT	AAAAATAGCCTCACTACAAAGCCCTACCACCT			19700179	19700210
C3	120	96.678	snap1637	SNP	CAATCCCTCCCATTGGTTGGAATTAGA	ATTTCTGATTATGAGGGATGGAGATGACGAA			19668274	19668304
C3	129	106.076	snap767	SNP	CTGAGTATGACGACCTCTGCAGGCA	ACCTGGATTAAACCATGTAAAAATCTGGGTAAAAAC			13697917	13697952
C3	133	110.878	snap1895	SNP	TCGTAAAACCCAACTCGTAACATTTTGGAGA	CAGTATTCAGCGATAGACTTTGTTTTCTTTCAAGG	12077420	12077447	12077083	12077117
C3	134	112.081	snap1661	SNP	AAGTGTCTCTCCTTATGTAAGATTCTTTACTGAAAA	AGAGAAAAATGACACGGGTCTTGTCCG	12236450	12236482		
C3	135	112.324	snap1662	SNP	AGGTTGTGGTGAAGGAGGTGTTGAAAGA	GAACTTGCATGATAATCTTAAACGGCTCAAAAA			12246216	12246248
C3	142	116.489	snap1498	SNP	AGTTAGGAACTCGTTGTTGATGCTCAGA	ACTCAACAGACCTATGGGTTCAAGAATCTGTTTT			10084653	10084686
C3	144	117.119	snap745	SNP	TCTCTAGAGGTTTTAGGGAACTCATGTCTAAAGTCT	ATCACTGAATCCATATGCAAAGATGATATCGG			9614566	9614594
C3	148	119.948	snap1310	SNP	TCTATGTTGGCTAGATTACCAACAAGAGATCAAA	GAAGAGACACATTTCTAAAGATACGAGCATTACGC	9233146	9233176	9233439	9233473
C3	149	120.544	snap1203	SNP	ATCTCTTCTTCGTGCATTCGAATCTTTATATTAACT	AATTCATCTCTCTGGGATACAGCCACAGG	9266202	9266234	9266530	9266558
C3	153	122.231	snap828	SNP	GTTCTTGGATGCTTACCAAGCAAAACTAGTCTC	AGCTGCTTCTAGGTCGGTTCACGACTTT	9176769	9176799	9176453	9176480
C3	181	150.697	snap1311	SNP	AAAGTCAAAGCATCACTCACAGAGACCAAG	GGAGCTACGGAGTACGGACAATAAATGTGTTTA			9583895	9583925
C3	183	152.224	snap1728	SNP	GATCTCCTGCTACAAGAACAAAGTTGTTTCAATATA	ACACATGGGTGTCAAGTCATGCGC	2041364	2041395		
C3	185	158.078	snap929	SNP	AATCGAGTATGCGGAAGCTCAGATAGACG	AATGCCAAATGTTTGCCTTATTTAAATGTTTTTG			31356	31389
C4	1	0	snap1772	SNP	CGCTGATATTATAGCGACTGCTGCGTTTAGA	CGTTTCCATAATCTTTCTCTACGTTCTTGGATTTT	612439	612466	612748	612782
C4	4	10.373	snap587	SNP	CTGAGATATTTGGTAGAAGTGCGCTCAGG	GGGGTTAGATTTTACGAAATTTAAAAGTAGAGGCG			293371	293405
C4	6	12.943	snap580	SNP	GGCCAATGAGTGTAGTCCTACATAACTTGAATGAG	GCACATACAAATAAACCGATAGCCGTACACTCT			140485	140517
C4	7	14.5	snap599	SNP	ATGCCAATAAAGAGTAACAGTGATGTGTGGAGTC	CCATTATATTGCGGAAATAATCATAACAAGGCAT	1110793	1110823	1110462	1110495
C4	8	15.946	snap1447	SNP	CTCCTTGTTTCCTCCTCCCCATC	AACACTAGCCGTGAAGATGAAGGTAATGGAA			431262	431292
C4	9	17.3	snap586	SNP	CGAGGGAAGGAATCCGCGCAC	GACTGCACATGAATTTCAGTTTTGATAGACAACATA			101839	101874
C4	16	28.724	snap1835	SNP	GGATTTGTGGGAATGGGGAGGAAAA	GCCGATTGCTAGGACAGTTCATAATAAGCTATGTA			2359563	2359597
C4	17	29.777	snap1060	SNP	AACGTTCTATAGTGCGTTTTATCATACTAAGCCTC	AAGAACCCTGCAATAATCATGCTATCAATGTTAAA	1906246	1906277		
C4	19	32.643	snap1059	SNP	GGATCTAAGCTGGATTGTTTGAACACAACG	GGGATCACCATTGATTTAGAGCAAGAGATTG	2211999	2212026		
C4	20	36.295	snap670	SNP	AATGATCTCTTTACCTCCTTGAGATAATATTTGTGT	GTGTGACTGTTAAGGGAGGGTCCAGTTGT			32065533	32065561
C4	25	43.502	snap1001	SNP	TTGTTGACTCTCTACAAGTATGTCTGACTCCGAG	AGGAGTGACAATCATCGAAGACGTTGTTG	5223663	5223693	5224000	5224028
C4	31	46.932	snap1966	SNP	GTTGACTGAATTTCGTTCAATCATATTTTTCCAT	TGGATTCGTTGAGATCCAGAGATCTATTGAAA			39170644	39170675
C4	32	47.497	snap180	SNP	AAATCTCTTCCAAAATCTGTTCTGGCTCTACCT	AGAAGACACGTGGAGCGTTTATCTCAGCT			5334856	5334884
C4	33	47.702	snap182	SNP	GAGAGCCTCGGGGTCATCCTTAACG	TAAAATCCTTCCTCCTTTCACGGTCCAA			5735914	5735941
C4	34	47.868	snap179	SNP	AAGTCACCACTTTGAATCATAAAGTCCTTGATGTC	CCTTTCAACTTTCAGGCAGTTCTGTACTGGT	5545398	5545430	5545061	5545091
C4	37	49.876	snap316	SNP	GCTCAGAACTCAAGTCTTTTGCTCCATACGA	TATTGCTGTTAACTTTTGCATTTTCGATCTGTG	32763033	32763061	32763344	32763376
C4	41	51.223	snap1207a	SNP	TCCGAAACCGATCTGAATCCGATATT	CCAAATAAAAGAAAGCATAAAAGGAAAACCAAGTTC			31917531	31917566
C4	42	51.491	snap1136	SNP	GCCGATTTCCCTTGAGTCCATCAC	GTTACAAGATTGGCCAACTTATTTGATGCTGTT			39495067	39495099
C4	43	51.697	snap1141	SNP	GCTTTCGGGGTGGATTTGTTTGTACG	TGTGGCATGTATTTCAAAATATAAACAAGTGGCT			22478992	22479025
C4	46	52.832	snap299	SNP	ACCGGCTTTAATTTGAACCATGCTCC	GAGTTGACAGATGGGTCAATACCAAACCTAAAAT			33263351	33263384
C4	47	52.979	snap757	SNP	GGATTCAGGCATGGGTGAAAAGTGG	CAACAACGTCATTTTGATAATCTCTTCCAAACA			31957937	31957969
C4	48	53.369	snap655	SNP	AAGATCCTTAACCCCAAGAAACAAAACGCT	TTCCACTTTGTCGACATGTCCCAGTCTAG	22441316	22441343	22441005	22441033
C4	50	53.837	snap660a	SNP	CGTGTTTGTGATGCTTGTTACGCTAAACTTACAG	ATTATCAACCACGCTCCTAGAAAATCCAGAACT	32920959	32920989	32921277	32921309
C4	51	53.857	snap668	SNP	AGTTCTGAGCTGAGTCAGTTCTTTTACATCTGTTTG	AGGTTGTAAGCCTAATGCTGCAAAAGAAACA	32763010	32763042		
C4	52	54.276	snap1207b	SNP	TCCGAAACCGATCTGAATCCGATATT	CCAAATAAAAGAAAGCATAAAAGGAAAACCAAGTTC			31917531	31917566
C4	53	54.607	snap1213	SNP	TCGGATTTCCAAGTTCTTTGTTCCTCTAGT	CTTTCTAGAGCTTGACCACCCTTTATCAGCA			23906850	23906880
C4	60	56.8	snap235	SNP	GCTAGCATATTGTCTTCGTACGTCGCCT	TGAAGCACAAGGTACCATGACAACCGTA			10699379	10699406
C4	61	57.045	snap350	SNP	ATCGCTACAAACGAAGCGATGCCA	TTTTTCAAGCATATGTTGGAACTTTCTCGCT			12495831	12495861
C4	68	58.369	snap1212	SNP	TTGCTACCAACCTAGTTTCACAATTCACACTACT	AATCAGCTGTCGCATGTTTCTAAGAAATCCTAA	23885447	23885477	23885766	23885798
C4	69	58.689	snap1891	SNP	GGCGGCAGAAAATGCAGAAAATAACCTAATA	CCCTTGCTTTGTTGTCTCGAATCGAA	22524586	22524613		
C4	70	59.068	snap887	SNP	CCCATGTCAAACACCGGGACG	CTCAAGGCAAATCACTGGGTAAGATTTGG			8087079	8087107
C4	96	64.673	snap646	SNP	AATACGATCCCTTGCTCTGTTTCCATAATCAC	GCAGCTACGACATATGTGAAGGAACGAGA	26987879	26987907		
C4	102	67.608	snap234	SNP	GTTTGCCAGGAAATCTCTAATTAAAACCACAGAC	AGCCTCCAGCTCCGGATATGCCT	11205697	11205728		
C4	103	67.919	snap1892	SNP	CTTTTAATCAAGCCATGTTAGCCAAATTGACA	TCCTCCAATCTTTTTGAGTTCCACTATAGGTCTCTA	22527595	22527623	22527914	22527949
C4	111	72.342	snap1824	SNP	GAAAACTGAATGATAAAGAGTGTTCAGTTGGGAAA	GATTCATGCCTGACTTTTATGTTTGTTGTTTTTCT			15990896	15990930
C4	112	73.35	snap1214	SNP	CATTCTTCGAGATTCTTTGATTCCCAAAAACT	CATACAGATAAAATAAGATTTCCTACGTACGACGGC	23966726	23966754		
C4	119	83.162	snap018	SNP	TATAGGAGAATCCTCACTTTTTGGTGACCTCG	GGAGCAACGACGAATGGCAGAGTC	48490990	48491019		
C4	121	88.834	snap020	SNP	TCGACAGAAGCACTAAGAAAAGATGCATGAG	GTCAACAAAACCAAACAAGGTGAATCGC	49602523	49602550	49602189	49602216
C4	122	90.701	snap113	SNP	TTGATGCCATTGTTAACAGGTAAGTCAACATC	CACAAACGTGAAGTCATTAAGAGACAAGACAATG	49677876	49677905		
C4	123	95.378	snap390	SNP	TCTCTTTGCTTTCTTCTCCTCCTCTCTCTACGT	TAAGCTTCCCAGTCTAACCGCGTGG	51604428	51604457		
C4	127	108.298	snap477	SNP	CTTCGAAGGATCAACAGCCACTGGATT	AGTTTGCTCCTTTAACGGCTCAGGAGACT			51683643	51683671
C4	130	119.617	snap1357	SNP	GCCACACTCCCCAATACAAGATCAGA	CGCTAGGACGAGATTGTAAACTAAAGGAATCG			53489013	53489044
C5	11	29.498	snap1620	SNP	TGGGAAGCTATCCCTCATTGATCTCACA	CCTCTTCATTCACTTCACATCCCTTCACA			8858903	8858931
C5	14	31.292	snap369	SNP	ACATTCCACCACTTAGAACAAGTGATGATTCTTTAG	CCTCTGCCCTCAATTTGTCCTTTGGT	26500077	26500109		
C5	15	32.414	snap1029	SNP	CGTCTCTCTTGGTAATACTCTAGCACGTCGA	CTTTGCGGTTCAGACGCATTCTTGTT	6144566	6144594		
C5	16	33.06	snap1884	SNP	GGAGAGCGACGCCAGATTTGAAAA	ACACTCACCTGCAGGCGATTATAACAAAATATC			31370507	31370539
C5	18	34.859	snap795	SNP	GCGTGTTTAGCTATCACACCGTTATCATATTCG	CGTTCGTGGAGGTCGAGCTAGAACAG	36389752	36389781		
C5	20	36.877	snap289	SNP	CCATAGCTTGCAGAAGGTTGATAACTGACAC	GAACATGGGAGAAGAAGATTTTGCGAAGA	6119382	6119409	6119043	6119071
C5	22	38.091	snap126	SNP	AGCCTTACACAACTGCTCCAAACACGTC	ACTTTGTCTTTACTTGTGTTGTGGCTGATCTTGTA			13085555	13085589
C5	24	39.114	snap2080	SNP	GAGTTCCAATATCGGATGCCTAATTGGAAT	AACTTCCGGATACTTGAGAGATGTATGGAAAAGA			6406917	6406950
C5	25	39.403	snap2078	SNP	CCTACGGGAAGCGGAAACGGATATT	GGCCTTGTGCAAGGTAATACCAAAGGTTTA			6455763	6455791
C5	26	39.987	snap517	SNP	GGTGGGACGTGTTGTACCAATACTCTTCC	TCTTGGTGGTGGTTGATCGACTGACTAAG			29411366	29411394
C5	27	40.565	snap2028	SNP	TTAACCCAATTTGCTCAAAAATAAAACTATTCCGT	TTCTCCAGGCATTCAAATGGCTTCTG	6463780	6463810		
C5	44	48.463	snap665	SNP	CGAGTACTTCCCATTCATCAGACCGACC	TGAAAAGGATATCCTCTGGTTTGTCATCTTTCTT			11036637	11036670
C5	46	49.496	snap1619	SNP	CTTTCCCTGTTTCGTTTTTTTTTTTAATGTCTACA	ACAAGTAAGAAAGCAATGGAGATCGAAGCC			9174918	9174947
C5	49	50.496	snap1604	SNP	GTAGTTCCTAAGAAATGTGGGATTATTGTGGTTACA	TGAAAATAGACATCATGCAACGCTGGAA	31809773	31809805	31810100	31810127
C5	50	50.783	snap1123	SNP	TTTGTTTCCCACGAGCATAACAAATCTGTC	TTCGTTTTGGTGAGCTTTTGACGATAGAAA			24925461	24925490
C5	55	52.092	snap664	SNP	TCGTCGAAAACAGGAGCAGAAGCAG	ACCATGAAGACGATGATGAGTCAGATGATG			11037267	11037296
C5	58	53.284	snap134	SNP	AAAGTTTGATGCTAAAACAGCCCTCCACA	CCAAAGAGCTTAGCGTATAAAACGTCAATGAAA			20179901	20179933
C5	61	54.252	BoaS5a	SNP	GGCTGCTGGCTGAGGAGAAATTTACAC	TCATTTGTAAGTTAGACAAGCCGGCAACA			24558672	24558700
C5	66	56.538	snap1417	SNP	GGCTATGAACACAGTTTCCATGGTAGGTC	AAGCGGTTTCACAAAACGAGTATGTACATTTG			29507879	29507910
C5	70	58.989	snap801	SNP	CCTTCATCTCCCACTCCTAAAGCTTGTGTC	ACTACCATCAACTGTTTCCACCACGTCATT	35795633	35795660	35795289	35795318
C5	72	61.309	snap242	SNP	GCTTTGAACTTTACCTTGGAACGCTCTCTG	GAAAGTTTCTTACTTTACTTGTAAGGCGTCAAGCAG			36612033	36612068
C5	80	66.084	snap800	SNP	TCTAGCCAATGTTGTGGAACACATGAACC	GGTTAACTGATCGAAACGGTGTAACGCATA			35992770	35992799
C5	89	71.452	snap715	SNP	AAAGGGTTGAGCGACGGCGAC	TGGCTTCATCCCTAATAACAATCATACCTTTAGTTC			40485773	40485808
C5	92	73.092	snap1172	SNP	TTGGCGTCTGACATATTGTTCTTGTGGAT	CGCTCCTGGTACATGTCTCTAAAGCAACA			40063164	40063192
C5	94	75.012	snap244	SNP	GCTAGGGGAAATGTTGTGCAAGATAGTCCT	TTATACATACAGAAAAGTTGGGGCGTGATTCTC			37068355	37068387
C5	95	75.843	snap1826	SNP	ACCACTAAGCTTGATATCGTCTTGCATAAACAGA	TTGGGAAGAGGTTCAACGACAAGGG	39877670	39877700		
C5	101	81.311	snap367	SNP	TGTGATGGTTTTGTCTACATGCAGCGAC	TTACCCGTATTCTCCAGATTCCTTCTTGATTATTC			42313243	42313277
C5	102	82.536	snap368	SNP	CCAATTTCCGTCAGACTGTCTAGTGTTATCAGC	ACAGGGGAATGGTACCCCACTCTTACCTA	42778180	42778209	42778476	42778504
C5	103	84.971	snap1047	SNP	AACATCACTTTGCTCCCTTAATAAAAGAATGACG	CCTTCACTCCTCGCTAAGTAGAAGAACCTACAAGT	42883367	42883397	42883026	42883060
C5	107	95.475	snap573	SNP	TGACTTCTTGGCTCGCGTTTTCAAACT	CCCTTATATTGGAATGAGCTCAACATAGCCA			44581325	44581355
C5	110	99.86	snap804	SNP	CCTTAGCTTGTTCTGTTGTTTCAGGTGAGGT	AAGGAAAAGATGAAGATGGTGAGGAGAAGGTAG			44833494	44833526
C5	111	100.677	snap468	SNP	TCGATCTCTTTAACAACAGGTGGTGCTCTC	CTTCTATGATAAACCAAGATTCAGACACTGCCC			44833911	44833943
C5	114	105.357	snap526	SNP	TTATCTTGCCGTAGCTATACACTTCATTTCTCAGG	CGGCTATGTTGCATGTTTCACATCAAT	45185584	45185615		
C5	117	110.39	snap1480	SNP	AATAGCAGTAGCAACGAAGAAGATAGAGACG	CAAGATAACCTAAAGGAGCAGTATAATGAGTTTGAA	45992387	45992414	45992086	45992121
C5	120	112.676	snap1479	SNP	AATGGTGAAGCTACAATCAGCTAGGGA	CATACACAATAAAACACTTGACAAAAGTCATCTGAA			45992023	45992058
C5	123	114.762	snap559	SNP	GAGAAGAAGAGGAAAAGGGTCAACAACACAA	TCCTGCTCACAAAGAGGCCTTTAAATATACTCA	45576404	45576431		
C5	126	118.914	snap1228	SNP	CTGAGGTTTTCTCTGTTTTGTGGTATACATGACT	GCCACTTTGCAGCAAGGCTTATTACTATTATGAT	46736090	46736120	46736399	46736432
C5	129	122.653	snap595	SNP	GGTGAGGAGTACACACACAAAGCCGAC	TCCCTTCTCATTGTCGTCACATCACTGTAG			46372103	46372132
C5	130	124.417	snap2043	SNP	TTTGTACCCAAGTGAAGGAATCCATAGAGGA	CAGCAAACGGTCCGACCATAGCA	45826432	45826459		
C5	132	134.497	snap2042	SNP	CTATTCCGAACAGGTTACAATCTCTCAAGCC	GCATACCAATAGGGGAAGAAACCAATGTTAGT	45826311	45826338	45826654	45826685
C5	133	134.552	snap1853	SNP	TCATCATAGCAATGAGACCAGCTACAGAGACA	CAAAGCAGAGCTCGAGCGTTTCTATGAC	45098444	45098472		
C6	2	2.62	snap546	SNP	TTGCTCTTGCAATTTCACTTCACTTCAGC	GCGAACTTTGATTACGTTTAGTTTATCAGTGATACG			39821526	39821561
C6	5	13.457	snap1602	SNP	GCAAGTAAGGATAGTAGTGAAGCTCGAATGATGATA	ATGACGGGATCGGAGTGAGAACACTCT	39001837	39001869		
C6	18	34.659	snap1219	SNP	TCTGAATCTGAAGTTGAGAGTGACGACAACT	CTTTACTGAACACTTGTTTCTTGTTCCCCTACTTG	35708523	35708550		
C6	20	36.991	snap1678	SNP	GGAGGATAACTGTATCTCCGAGTGGAGTGAAATA	CTGAAAATAAAAATGCAATGAGGTTAGACAAATGG	35594617	35594647	35594306	35594340
C6	26	45.425	snap1806	SNP	AAATCGAACAACACTTCCTTGCTCGAAA	AAGAAGGTAGTATCAGCATCAGCATCAGCATC			30475758	30475789
C6	31	49.241	snap1793	SNP	GGTCAACACTGATGAAGATTTTGCAAACATAAGA	GAGTGAATGTGTCATGTCTTCTCCTTCATTGA	32447213	32447243	32446886	32446917
C6	36	52.195	snap190	SNP	GCCCACAGCAGATCATTATGGCCT	GAATTCGTGAATATAAATGTCGTAAACTTGGCTAGG			29783144	29783179
C6	38	53.052	snap1215	SNP	GTTTTGCTAAATATGTCACGAAAAACAATTCTAAGT	CCTTTCTTAATTTGATCTCTCTTGGTTGGAGCT	25787502	25787534	25787198	25787230
C6	39	53.685	snap794	SNP	CTGCTCTTCCACTTCATATATCTGGTCCTCTG	GACGGCAAGGGCATGCGATAACT	30512625	30512654		
C6	41	54.674	snap191	SNP	GAAACTGGCCTTGAGTCTGAACTTGATGTC	GCGACAAGTCGCCACTGGTGAAG	30232169	30232196		
C6	45	56.945	snap1453	SNP	TGTGTTGACCCTAGAATGCAATAAATAGAATAAC	ATGTTTGCTTCTCAACATTTGGGAAAGTTAATAAAA			25869126	25869161
C6	49	59.148	snap1217a	SNP	AATCGGAATACTAAGCAGAGATTCCAAATCGAAAAT	CCGTCTCTTCCGAAAACTTCTCGAATCTTA	25488054	25488086		
C6	50	59.596	snap1217b	SNP	AATCGGAATACTAAGCAGAGATTCCAAATCGAAAAT	CCGTCTCTTCCGAAAACTTCTCGAATCTTA	25488054	25488086		
C6	52	60.442	snap1803	SNP	GGAGTTCGGGTATTCGGGTCGAGA	TACTACTTTCTCTTTTCTTCCCATCGGGAAAGTT			23208463	23208496
C6	56	62.146	snap775	SNP	GAGTGTTAAGCTGTAGAGAGAGGAGCCTTGGT	GGTTATTAAACTTCCTCGCTAGAAAAAGAACCCAT	20647836	20647865	20648159	20648193
C6	58	62.926	snap122	SNP	CTATTTTCCGTCATGTCTGTAAACCAAGAGTCTG	AGTGAAGGTACCTCACAACTCTTTCCAAAAGC	22760451	22760482	22760111	22760142
C6	59	63.193	snap1297	SNP	CATTCACTCGGCGCAGGACG	GTTCTACATACATTGAAACAAAGAGATGGAAAATCA			18802773	18802808
C6	63	64.738	snap1364	SNP	CAGTACACGTGTTTCCCCACTATGAAAA	AACCAGAAGTTGAGGGAACAACAATCTGC			20442337	20442365
C6	66	66.14	snap197	SNP	AGCCAGTATCAAGTTGCCAAGATAAGCTCTG	GGAGCAAGTAGTGTTCTCTGACCCGTATAGAGTT	3911343	3911371	3911675	3911708
C6	67	66.453	snap386	SNP	CCACGACAAAAGAGAGGTCCGTGC	CTGGTGATAGTCTGACGATGATACACGAGTTTAAG			11132048	11132082
C6	68	66.819	snap1394	SNP	TGAATTTTGAAGCTCTGTATCAATCTTGTTATG	GCTAACAGCTAAAGCTTTGATCGTAAAATGGAAA	19072718	19072747	19073017	19073050
C6	70	67.116	snap073	SNP	TGCTGCCTGAAGACCACATCACGA	GAGTTATTGGTCGCAGGGATAGGAATGG			10390606	10390633
C6	80	68.795	snap694	SNP	TTTTTCCTTCTTTAAGGCATCCGTTATGAGG	CCGAGAGGCTGACGTGGCATG	13773790	13773818		
C6	83	69.773	snap118	SNP	GATAAATGAGTCACTTACGTCACTCTCGATCAGG	GGGAAGATCCGCTCTTTACTAGGCTTACTGA	15560441	15560471	15560776	15560806
C6	101	72.836	snap1392	SNP	AAGAGTTTTGTTCAGATTTTTACAGAGAGAGATACA	CACTCCACTTGTTATGAACCACACGGAGTATATT	19111421	19111453		
C6	104	73.61	snap1899	SNP	GTAACGCTCTTACGCGGATTCAAAATAAAGA	AGAGGAATCTGAGGTCAATCGATTATAAAAGGAGAT			10923800	10923835
C6	112	75.644	snap629	SNP	TGTCGCAAGCCTCGTCGGCA	CTCCCAGAGCAGCGACAACAGTTACTTC			12201369	12201396
C6	118	77.088	snap294	SNP	AATACAATTCTACATTTCTAATACAAGGGTGTTTCC	GTTTTGTTGTGCTCATGTCTGAAACAGAGGT			4510151	4510181
C6	119	77.301	snap293	SNP	AATGACGCTAACATGCTTCAGACAAGTTTAGG	TTTTCACACATGTTAAGAAAACACACTAGTAGATCA	4750628	4750657	4750318	4750353
C6	120	77.406	snap1686	SNP	TGTTACTGTGAAGCTGACCTTCGTTTTGAAATA	TTGTCGAATATGAAGAACAATCAGTAACTCCAAATC	4251064	4251093	4250745	4250780
C6	123	78.778	snap656	SNP	GTCAGCATGTTGCAAAGCCACGAC	TTTTATGTCGTCCTCGATCAGGTTTTGAATTAC			5006697	5006729
C6	124	79.323	snap072	SNP	GCAACTAGTAACTGTAAAACATTATCCATCGGCCT	CCCGACCAAGATTGTGGTGCTGAT	12404877	12404909		
C6	125	79.74	snap007	SNP	GCATCACGTTGATGCTCCCAAAAGTCT	GACTTTGGCTTTGAGCACATCTTCTCAGTC			15350218	15350247
C6	127	81.114	snap1362	SNP	TCACACCTCTGTCAGGGCCAGA	CGTGACACTCGATTCAATTTCAAACCATC			20301419	20301447
C6	138	90.993	snap1743	SNP	GCCTTGTCCACGTTTTTGATCAGAGTTACA	ACGGGTGATAGGATCTTAACCTGGAATATGG			21483707	21483737
C6	140	95.169	snap1344	SNP	AAACAAATGGGAGATTCATCATCTAGACATC	AAGTCTGCGATTTTAGTCTTAGAGTTGCTGGTG	4571899	4571926		
C7	2	7.377	snap174	SNP	GCAAGGAAGCTACGTCGCCGCT	CCTCATGTAAATCTTACCTCCCATCGCC			48162863	48162890
C7	32	54.6	snap728	SNP	ACACCTGAGGACTTGGCTGCGTG	AAGCAAACAACATACCGAGAGTCTGTACAACAA			37868864	37868896
C7	35	60.217	snap854	SNP	TCTCTCTCTTAAATTTCTGGTTCTTTTTGATACCAG	CCGCCTCTCCTCTTCCGTCAGATAAG	33948685	33948717		
C7	36	61.423	snap1654	SNP	GGACAGGTTTAAGAAAGTGAGGATTCAATAAAAAAA	ACATGTACAACTGGTTTAGACTTCAAAAATTTGGGT	36438034	36438066		
C7	37	62.253	snap1653	SNP	GCGCTTGACGACACCGACAAAAA	TGTCTCTCGCTTTATTATTCCCGTTTTGCT			36436364	36436393
C7	40	65.643	snap521	SNP	GGCATTTCCCATTTTGCCTGATATCG	CCCTAGGAGAAACACTGGTGAAGAGAATGAA			29738483	29738513
C7	44	70.128	snap341	SNP	TCCTCGATTTTCTCTCGCATTTTCACC	GCTCTACGAAGAACATCTTCAAGCTTAGGCTC			30510452	30510483
C7	45	70.573	snap326	SNP	GCAAGAGCGTACTCGCTACAAAAGGCA	ATGTTAAAGAGTGACGATGATTACTCATTGTTGTTG			28806306	28806338
C7	49	72.763	snap342	SNP	GCAAGACAGCTTACTTACCACCCGGA	GAGATGACTGAGTCTGAGCATCCTCCTGA			31273453	31273481
C7	51	73.466	snap729	SNP	GCGAAACGTCTTTCATGGCTCGTG	CTACAACGGTCACAGTTTCTTTCAACGATTG			29561474	29561504
C7	61	76.561	snap357	SNP	ACGCTTTTCCTCTCACAATGCTCTGTGTA	AAATGGCTTTTCTTGAACTGTGTTATGTTTGATG			27609922	27609949
C7	63	77.437	snap1731	SNP	CGTACAACAATGGCTCTTACAGCACATCATA	GTCTGCAGAGTTCGATGTCACTGCATTC			28266003	28266030
C7	65	78.157	snap1318	SNP	GAAGATTCGGTGGAAGCGTTAAAAGAAAT	GTTGGAGTCTCTTCCCAATTGTCTGGAAA			27015180	27015208
C7	69	80.907	snap864	SNP	CTGGTTCGGAACGGGCTTCGA	TTTCATCTCCTCATGCTATACTATTGGTGAATGG			23272936	23272969
C7	73	86.585	snap799	SNP	GGTCATCTCTGTGAGACGGCCACC	ACTCGTATACTCCCAAGTTCAAAATATCTTACCACG			10375848	10375883
C7	74	87.078	snap1036	SNP	TTCCATTAACAGTCTGTCCTTAACGAAGGGA	CTGCTTCATGATGTCTTTGCCACTGAAA	4845043	4845071		
C7	76	87.977	snap185	SNP	GTAATATGTCATCAACATACAGAAGTAAGACCATCT	ATTCGTCTGGTGATGGATGTTGCAGTC	5565560	5565593		
C7	81	90.315	snap184	SNP	TCGTGTTCCAGTTGAAGATTCTATCACACG	TGGCAGGGGAGTATTAAATATGGGCATTAA			4843817	4843846
C7	83	90.723	snap551	SNP	TGGAGCTCCGGAGCGAAGCAG	ATTCCGCTCTCTCCAAATGTGATAAATGGT			12485141	12485170
C7	87	91.631	snap1508	SNP	CAAGTTCTTCGTCATTCTAATCAAACCAAGA	ACTTTCTTGTGAATGAGATATGTGAGCTTGTTCAAT			9311843	9311878
C7	90	92.711	snap1511	SNP	CTTAAGGTAATTTGAGTGATATCAACAGTCTCTGTA	CTATGGGTTATCTCACGAGCATCCTATGGAC	9326823	9326855		
C7	102	96.048	snap002	SNP	GAGGAAACATGTCGTTAGGGTTTAGGTTTAGGT	GTCGTATTGGAAGATCATATTTTCTAACGGGCT	4775454	4775484	4775764	4775796
C7	104	96.389	snap001	SNP	CGAAGCTTGGACCGAGAACTTAAACACTG	TGTTCGTGATCTTTCCATGTTTTGATCGT			4105463	4105491
C7	106	97.115	snap004	SNP	ATGTGACTTGTATGTGACACCGAGAACAGGT	CCCCAGTCATAATAGCTATAATCATGCCAAGACT	4720054	4720081	4720352	4720385
C7	110	98.693	snap069	SNP	GATAAAGTTTGAGCACTGATTCTCCTCACGA	AAGTACTTACAATTCTACCGAGGACTATCCAAACCC	8194845	8194873		
C7	119	105.942	BoaS1a	SNP	CGGTACAGTGGATAAGGAGATGCCAAGTCT	AGTTAATAAGCTCTCTCAGTTCATGCACAAGCC	18631107	18631134		
C7	124	115.032	snap099a	SNP	TCTGGGCCTTTTGGGTTGTATTCTTATAGTGAT	ACGCCTAATGCTCCTTTCAATCTTTCTCC			25363407	25363435
C7	125	115.471	snap099b	SNP	TCTGGGCCTTTTGGGTTGTATTCTTATAGTGAT	ACGCCTAATGCTCCTTTCAATCTTTCTCC			25363407	25363435
C7	128	117.572	snap827	SNP	CCTTTAACTTTTCTGCTTGTAGACATCCCGTC	CCAGAATGTTGATCTCTCAACAGTCCTGATTT	25672003	25672031	25671691	25671722
C7	129	118.199	snap1897	SNP	TCACGGACACAAAATACACAGGTGGATAAATA	TTCAACCACACAATTCGTGACGAGAAATT			16273611	16273639
C7	132	120.188	snap1076	SNP	CAGGGCTGCTCCCGCAAGTC	TAATAATCAAGCGTGTGTTTGGAGAAGCTGA			25361987	25362017
C7	133	120.903	snap1234	SNP	TGTACTTCACCATTGCATCTTCTCTTGTGAAT	TTTCTTCCGTTTGGCACCTAGCTGG	25458418	25458446		
C7	135	121.777	snap1898	SNP	TTTCTAATAGATGGGGATGCAAGAACAAAAAA	GCATCATTGAATCCCAAATTGATGTCTTGTA			16273893	16273923
C7	137	123.39	snap1075	SNP	TCTCCGAGCTCCCCACGATGC	AGAAGCTCGCTTCTCAGAGCACGTAACTC			25342423	25342451
C8	5	19.123	snap1268	SNP	CGATGAAGATTATGAGATCAACTTGAGAGGG	AAATCTCATCCTTGCACGCATCGATC	26235735	26235762		
C8	13	28.103	snap1156	SNP	TTCACTTGGAGATGGATCTTCGCTCTTAGA	GACCTCATAACCATCACCCATCAAGATCAC			2501387	2501416
C8	15	29.076	snap051	SNP	AGATTCCTCGCGCCGAAAACG	CTCATTTTCCCATGATCCATGCTGACTTAC			6653529	6653558
C8	17	29.702	snap617	SNP	TGGCGCAATGCAAACGCTCG	ATGATACCGGGATATTTTTCCCCAACAGTTA			13977597	13977627
C8	18	29.982	snap232	SNP	CGTGATGAAGGCAAAGCCAGAGGAG	CTGCAGCTACATGTTTTATTTTCCAAGCTCAC			8291084	8291115
C8	19	30.265	snap1648a	SNP	TTAATCGTAATGTGTATATGCTCAGAAAACGTTAAA	GAAGATGGCTACAGGTGAATCCCAGAAGAT	1512822	1512854		
C8	20	30.609	snap1648b	SNP	TTAATCGTAATGTGTATATGCTCAGAAAACGTTAAA	GAAGATGGCTACAGGTGAATCCCAGAAGAT	1512822	1512854		
C8	28	32.701	snap1155	SNP	CACCTCCTTTCACGGAACTCTCTTGC	CACAAGATAACAGAACTGCCAAAGCTCCA			2502311	2502339
C8	41	34.646	snap1149	SNP	TCTATGTTATCCATTTCATTAACCAATATGAGGCAA	AAGAATAACATTGGCCAACTACGATCTTCTGAGT	7960088	7960119		
C8	43	35.282	snap054	SNP	AGTGTTTTACACTCACCAAGGGGTCAACTG	GAAGGTTCTATGTTGCAGCCCAGCACTA			12612749	12612776
C8	45	36.459	snap1963	SNP	GGAGTTTTGATAGGAGATGGGAGAGTGTCAA	TAGCCTCAAATAGGGCCTGCAACTCC	13523141	13523168		
C8	49	38.742	snap1346	SNP	TCCCGTTATGAATCACCTCGCA	AGCCATTCAACGAACAACTCTCTTCAGCT			16683369	16683397
C8	51	39.813	snap141	SNP	TTAATTTTCCGGAGCATTATGTGAATAAAGACGT	CTCCATCCAAATGCTAATGAACAAAACCCTA			17781994	17782024
C8	55	41.569	snap688	SNP	TCATGGAGCGACCCAAACGCA	TTTATTTACTTTTCCAGCAAAACACCATGTTCTATG			17371590	17371625
C8	56	42.596	snap142	SNP	TTGACTCATCACCATAGTTATCAATGGCACAG	CCAACAACATTCCAAGTACGCACCG	17380577	17380604		
C8	59	45.436	snap1226	SNP	TGAGCTAGAGCGTCTCATCATCTTAACCACT	ATGGAGCTAGTGTGCTGTCCTGCGA	20024614	20024641		
C8	60	45.853	snap510	SNP	TGGGACCGTGCAACCTGAACCT	ACCTCACTTTGACACATGATAACTCCGGTTAATAC			19895737	19895771
C8	61	46.315	snap1382	SNP	TGTTGCTTCAAGTGGCAAGAAGGATATA	AACACAATACTTGTCTGAGAAGAAAACAGATGCATT			20077208	20077243
C8	62	46.557	snap1384	SNP	GATGAGCTTCAACATGTGGCACG	TTTGAACCACTTACCTGAAAGAATGTTAAAGCAAG			20091287	20091321
C8	68	49.599	snap1381	SNP	ACAGAGAAGATTGGATCAAAGGAAAATGATA	GAAAGTTTAGCATCCGTCAACTTGACCCTAAC	20026786	20026813	20027125	20027156
C8	69	50.341	snap1227	SNP	CCGCTTGCCGCATATCTTCAAAAT	AGAGTTTACAAAAGCAAAGATCCATCCAACATCT			20025572	20025605
C8	77	56.577	snap343	SNP	TGATGGTTTTCTGAGCCCACTTTGGTC	CTACATGCTGTTCTCGCCATTGGATATAGC			23190174	23190203
C8	83	59.218	snap125	SNP	CAATAAGGTGATGCACTTTAAGGTCCTTATCCAC	TTTGGGACATACTTTTTGCTGAATGGTTTTC	22847747	22847777		
C8	85	61.377	snap735	SNP	GTCCTGTCTCGTTGGAGGAGATTAAGATAGC	CGAGACAAAAGCACCTTGAGTTTCAGAGATAA			26070880	26070911
C8	86	62.375	snap1890	SNP	TTCAAGAATGCAAATAAGGTTTGACGTGTAAAAA	TTTGATGGAATTGGGTTTGTAATTGATGGTT	26314031	26314061	26314339	26314369
C8	89	64.022	snap734	SNP	GCGCACTACTTCCTTTAACATCAAATGCTG	AAGAACTGTTTTGGAGACAAAAATGTCGTGAA	26070594	26070621	26070280	26070311
C8	95	69.348	snap1641	SNP	AATTTCAGGAAGAATTTATGTAGTTTCAAGAAAACA	TTTCATAAGTAAATTCACGAGCCAACCAAACATA	27474278	27474310	27473984	27474017
C8	96	70.833	snap1726	SNP	AAGATACGCTAGTACTCTCTTCCATTTACAATTACA	TTAGAAATTGTAGTCAACACATCTTTGCTTCGCT	29264152	29264179		
C8	130	104.43	snap418	SNP	GAGTCAAAGTCAGTGGGGATACTCTCAGCA	ACAATGGCTAGATGTCTATCCTCTTTAGGTCCAA			40247871	40247904
C9	1	0	snap1225	SNP	GAACCCCTTTTACCTCTCTAGCTTCTCTTTAGAATT	ATGATTCAGGGATCTCCATGTCCGC	54470412	54470444		
C9	3	3.523	snap1376	SNP	CCTTGGAGTTTAATTTAAAATGCTGTTCTGAGTA	CATCTCAACAATGTGATCACTGACACAGAGAA	54470977	54471007	54470652	54470683
C9	4	5.169	snap815	SNP	TGTCCATGGTGGCTACAGTTAAGATGTCTTGT	TGAAATTGTATAGCTTCATAACTTTCGCTGTTTGTC	54473072	54473101		
C9	6	6.538	snap491	SNP	CTCCCGATCTCCACCTTCTAATCAATGG	TCAAAGACGAAGATTCTGTTAAGTACTGCACATTCT			54510571	54510606
C9	7	8.245	snap295	SNP	ATGACGGATCAGAAAATCCGTTCGTCTC	GGACCGTCAGATACAACAGCAGGAAAGTT			53973698	53973726
C9	8	10.101	snap1369	SNP	CACTGCAAGGGGACATAGGAGTTACG	GGTGGATAATAGTGGAGTCGACAAGAGGCT			53256604	53256633
C9	25	50.215	snap1463	SNP	TTGCAACATTGTCAACTTAATGAAAATGAG	TTGGAGTTTATGTCTTTTAGTTTTATGAGAACCATC			43434306	43434341
C9	27	51.784	snap228	SNP	CCTCATCAGTTAATGCTGCAAGGACATACC	TCTGAAACGCAGAGTGGCTCCTAGTTTATG			46291573	46291602
C9	32	56.513	snap867	SNP	AGCTTGTGGTCAAGTGATAAAGGGATGGA	CATTGCAATGATAAAACTTTATAAGACAATTTGACC			43583918	43583953
C9	38	60.715	snap464	SNP	TGGCTAACGGGCTTGTGAGCGTA	TTAAGATTCTTTGCAACTGCTAACCACAGTAGAAGA			43500216	43500251
C9	50	65.513	snap614	SNP	TGAGCTTGATCACTTGCAGGTTCGTC	CATTTCAACCTTTTTAGTGTGATCTAAAAACGAGCT			34609229	34609264
C9	51	65.772	snap1700	SNP	GCAGTGTTGCTTCCATGAAGTCTTTAGAACA	TCAATGTCATCCTGTGGGGCAGTG	40301811	40301838		
C9	52	66.246	snap084	SNP	CAGCCTACACGTCTTGAGCTCCGTT	TAAAGAGCTTTTGTTGAAGTTCTCAGCTAGGGATAA			33931000	33931035
C9	58	67.369	snap858	SNP	GATTAATCGCGTCCTACACCTATCTCTCCAG	GATTTCTTTGATTATGGCCTCAGGGGG	25344448	25344476		
C9	62	68.022	snap1284	SNP	GGCCGAGGATGTTTAAATACCAACTCAA	GCAATTCTATATTTTGGGCTAATCTCTCATGAACC			32575221	32575252
C9	64	68.411	snap1280	SNP	TGAGCTAAGTGACACTGAAGATGGGGG	CTCCAAAAACATAGACTGATTTTATTCCTGGAAGAG			27152720	27152755
C9	66	68.761	snap651	SNP	GCCTTGCCCCTTGCCTTCGT	AAACCCCACCAGAGCTTATGAGACCTTCTAG			23704024	23704054
C9	67	69.086	snap856	SNP	GTAGAACTATGACCAAATTTCGTAACACTAGTAGCT	CCGAAGATACTGGTGTGTTTTTAGTTATACCGAAGT			25557973	25558008
C9	69	69.947	snap2018	SNP	AATAAAAATTTTTTTACATAAACACAGCCACGCACT	AAATCGAATGTCACCTCTTTGATGATCGAAT			28371889	28371919
C9	73	71.832	snap302	SNP	TGGAAGAATATCCATGATATTGCTCAAAATAAACGT	TTTCTTTTACATGGCTTACCGGAATGGTG	39667936	39667969	39668254	39668282
C9	74	73	snap163	SNP	CAACCGTAAGCATCCCTCTCTTCAGCT	ACTCTTCCAGCGTCATCTCCTACAACGA			20563510	20563537
C9	75	73.406	snap284	SNP	GGCCATTACCAAAGGTGTTGCGGT	CCATGCAAGAATGCATTTTGTACATCCAT			21652010	21652038
C9	78	76.375	snap165a	SNP	GAAACCGGCCCGAATCCGCT	TGAAAGTTAACATGTTTGACATATCAGTAGTGGCT			21302540	21302574
C9	79	76.375	snap165b	SNP	GAAACCGGCCCGAATCCGCT	TGAAAGTTAACATGTTTGACATATCAGTAGTGGCT			21302540	21302574
C9	80	77.702	snap194	SNP	CACTGACATTCACTGGCAAGCTGTGAC	GTTGAGACTTGGAGGAGATACCAAGTTCTTTGA			41767698	41767730
C9	83	79.198	snap165c	SNP	GAAACCGGCCCGAATCCGCT	TGAAAGTTAACATGTTTGACATATCAGTAGTGGCT			21302540	21302574
C9	85	83.923	snap641	SNP	GCCGATGATAACCTGAGGACGGCT	AAGCAATCAAGAAGTGATCTATAAAGCGTGTTGA			7577811	7577844
C9	86	84.911	snap1745	SNP	AGTGAACTCTTTCGATTTGGTGATTTTCACA	CCTAAATTTCCGCCTCTCTCTCTCCCTC	15241946	15241973		
